-- MySQL dump 10.13  Distrib 8.0.28, for Linux (x86_64)
--
-- Host: localhost    Database: exercice1
-- ------------------------------------------------------
-- Server version	8.0.28-0ubuntu0.20.04.3

/*!40101 SET @OLD_CHARACTER_SET_CLIENT=@@CHARACTER_SET_CLIENT */;
/*!40101 SET @OLD_CHARACTER_SET_RESULTS=@@CHARACTER_SET_RESULTS */;
/*!40101 SET @OLD_COLLATION_CONNECTION=@@COLLATION_CONNECTION */;
/*!50503 SET NAMES utf8mb4 */;
/*!40103 SET @OLD_TIME_ZONE=@@TIME_ZONE */;
/*!40103 SET TIME_ZONE='+00:00' */;
/*!40014 SET @OLD_UNIQUE_CHECKS=@@UNIQUE_CHECKS, UNIQUE_CHECKS=0 */;
/*!40014 SET @OLD_FOREIGN_KEY_CHECKS=@@FOREIGN_KEY_CHECKS, FOREIGN_KEY_CHECKS=0 */;
/*!40101 SET @OLD_SQL_MODE=@@SQL_MODE, SQL_MODE='NO_AUTO_VALUE_ON_ZERO' */;
/*!40111 SET @OLD_SQL_NOTES=@@SQL_NOTES, SQL_NOTES=0 */;

--
-- Current Database: `exercice1`
--

CREATE DATABASE /*!32312 IF NOT EXISTS*/ `exercice1` /*!40100 DEFAULT CHARACTER SET utf8mb4 COLLATE utf8mb4_0900_ai_ci */ /*!80016 DEFAULT ENCRYPTION='N' */;

USE `exercice1`;

--
-- Table structure for table `correspond`
--

DROP TABLE IF EXISTS `correspond`;
/*!40101 SET @saved_cs_client     = @@character_set_client */;
/*!50503 SET character_set_client = utf8mb4 */;
CREATE TABLE `correspond` (
  `id_piece` int NOT NULL,
  `id_vehicule` int NOT NULL,
  PRIMARY KEY (`id_piece`,`id_vehicule`),
  KEY `id_vehicule` (`id_vehicule`),
  CONSTRAINT `correspond_ibfk_1` FOREIGN KEY (`id_piece`) REFERENCES `pieces` (`id_piece`),
  CONSTRAINT `correspond_ibfk_2` FOREIGN KEY (`id_vehicule`) REFERENCES `vehicules` (`id_vehicule`)
) ENGINE=InnoDB DEFAULT CHARSET=utf8mb4 COLLATE=utf8mb4_0900_ai_ci;
/*!40101 SET character_set_client = @saved_cs_client */;

--
-- Dumping data for table `correspond`
--

LOCK TABLES `correspond` WRITE;
/*!40000 ALTER TABLE `correspond` DISABLE KEYS */;
INSERT INTO `correspond` VALUES (1,1),(2,1),(3,1),(4,1),(5,1),(6,1),(7,1),(8,1),(9,1),(10,1),(21,1),(22,1),(23,1),(24,1),(25,1),(26,1),(27,1),(28,1),(29,1),(30,1),(31,1),(32,1),(39,1),(40,1),(1,2),(2,2),(3,2),(4,2),(5,2),(7,2),(8,2),(9,2),(10,2),(21,2),(23,2),(24,2),(26,2),(27,2),(29,2),(30,2),(35,2),(36,2),(37,2),(38,2),(1,3),(2,3),(3,3),(4,3),(5,3),(6,3),(7,3),(8,3),(9,3),(10,3),(21,3),(22,3),(23,3),(24,3),(25,3),(26,3),(27,3),(28,3),(29,3),(32,3),(33,3),(34,3),(36,3),(37,3),(38,3),(39,3),(40,3),(1,4),(2,4),(3,4),(4,4),(5,4),(6,4),(7,4),(8,4),(9,4),(10,4),(21,4),(22,4),(23,4),(24,4),(25,4),(26,4),(27,4),(28,4),(29,4),(31,4),(32,4),(33,4),(35,4),(36,4),(38,4),(39,4),(1,5),(2,5),(3,5),(5,5),(6,5),(7,5),(8,5),(9,5),(10,5),(21,5),(22,5),(23,5),(24,5),(25,5),(26,5),(27,5),(28,5),(29,5),(30,5),(31,5),(32,5),(33,5),(35,5),(37,5),(38,5),(40,5),(1,6),(2,6),(3,6),(4,6),(5,6),(6,6),(7,6),(8,6),(9,6),(10,6),(21,6),(22,6),(23,6),(24,6),(25,6),(26,6),(28,6),(29,6),(30,6),(31,6),(32,6),(33,6),(35,6),(36,6),(37,6),(38,6),(39,6),(40,6),(1,7),(2,7),(3,7),(4,7),(5,7),(6,7),(7,7),(8,7),(10,7),(21,7),(22,7),(23,7),(24,7),(25,7),(26,7),(27,7),(28,7),(29,7),(30,7),(31,7),(32,7),(34,7),(35,7),(36,7),(37,7),(39,7),(40,7),(2,8),(3,8),(5,8),(6,8),(7,8),(9,8),(10,8),(21,8),(22,8),(23,8),(24,8),(25,8),(26,8),(27,8),(28,8),(29,8),(30,8),(31,8),(33,8),(34,8),(35,8),(36,8),(37,8),(38,8),(39,8),(40,8),(1,9),(2,9),(3,9),(4,9),(5,9),(6,9),(7,9),(8,9),(9,9),(10,9),(21,9),(23,9),(26,9),(27,9),(28,9),(29,9),(30,9),(31,9),(32,9),(33,9),(35,9),(36,9),(38,9),(40,9),(1,10),(2,10),(3,10),(4,10),(5,10),(6,10),(7,10),(8,10),(9,10),(10,10),(21,10),(22,10),(23,10),(24,10),(25,10),(26,10),(27,10),(28,10),(29,10),(30,10),(32,10),(33,10),(34,10),(35,10),(38,10),(39,10),(40,10),(1,11),(2,11),(3,11),(4,11),(5,11),(6,11),(7,11),(8,11),(9,11),(10,11),(23,11),(25,11),(26,11),(27,11),(28,11),(29,11),(30,11),(31,11),(32,11),(33,11),(34,11),(35,11),(37,11),(38,11),(39,11),(40,11),(1,12),(2,12),(3,12),(4,12),(5,12),(6,12),(7,12),(8,12),(9,12),(10,12),(21,12),(22,12),(24,12),(25,12),(26,12),(27,12),(28,12),(29,12),(30,12),(33,12),(34,12),(35,12),(36,12),(37,12),(39,12),(1,13),(3,13),(4,13),(5,13),(6,13),(7,13),(8,13),(9,13),(10,13),(21,13),(22,13),(23,13),(24,13),(25,13),(26,13),(27,13),(28,13),(29,13),(30,13),(32,13),(34,13),(35,13),(36,13),(38,13),(1,14),(2,14),(3,14),(4,14),(5,14),(6,14),(7,14),(8,14),(9,14),(10,14),(21,14),(23,14),(24,14),(25,14),(26,14),(27,14),(28,14),(30,14),(31,14),(34,14),(38,14),(39,14),(40,14),(1,15),(2,15),(3,15),(4,15),(6,15),(7,15),(8,15),(9,15),(21,15),(22,15),(24,15),(25,15),(26,15),(27,15),(28,15),(29,15),(30,15),(33,15),(34,15),(35,15),(37,15),(38,15),(39,15),(40,15),(1,16),(2,16),(3,16),(4,16),(5,16),(6,16),(7,16),(8,16),(9,16),(10,16),(23,16),(24,16),(25,16),(26,16),(27,16),(28,16),(29,16),(30,16),(31,16),(32,16),(34,16),(35,16),(37,16),(38,16),(39,16),(1,17),(2,17),(3,17),(4,17),(5,17),(6,17),(7,17),(8,17),(9,17),(10,17),(21,17),(22,17),(24,17),(25,17),(26,17),(27,17),(29,17),(30,17),(32,17),(33,17),(34,17),(36,17),(37,17),(38,17),(39,17),(1,18),(2,18),(3,18),(4,18),(5,18),(6,18),(7,18),(8,18),(21,18),(22,18),(23,18),(24,18),(25,18),(26,18),(27,18),(28,18),(29,18),(30,18),(31,18),(33,18),(1,19),(2,19),(3,19),(4,19),(6,19),(7,19),(8,19),(9,19),(10,19),(21,19),(22,19),(23,19),(24,19),(25,19),(26,19),(28,19),(29,19),(31,19),(33,19),(34,19),(35,19),(36,19),(37,19),(38,19),(39,19),(1,20),(2,20),(3,20),(4,20),(5,20),(6,20),(7,20),(8,20),(9,20),(10,20),(22,20),(23,20),(24,20),(25,20),(26,20),(27,20),(28,20),(29,20),(30,20),(31,20),(32,20),(34,20),(35,20),(36,20),(37,20),(38,20),(40,20),(1,41),(2,41),(3,41),(4,41),(5,41),(6,41),(7,41),(8,41),(9,41),(10,41),(21,41),(22,41),(23,41),(24,41),(25,41),(26,41),(27,41),(29,41),(30,41),(31,41),(32,41),(33,41),(35,41),(38,41),(39,41),(40,41),(2,42),(3,42),(4,42),(5,42),(6,42),(8,42),(9,42),(10,42),(21,42),(22,42),(23,42),(24,42),(25,42),(26,42),(27,42),(28,42),(29,42),(30,42),(31,42),(32,42),(33,42),(34,42),(35,42),(36,42),(40,42),(1,43),(2,43),(3,43),(5,43),(6,43),(7,43),(9,43),(10,43),(21,43),(22,43),(24,43),(25,43),(26,43),(27,43),(28,43),(29,43),(30,43),(33,43),(34,43),(35,43),(37,43),(39,43),(40,43),(1,44),(2,44),(3,44),(4,44),(5,44),(6,44),(7,44),(8,44),(9,44),(10,44),(21,44),(22,44),(23,44),(24,44),(25,44),(26,44),(27,44),(28,44),(29,44),(30,44),(35,44),(37,44),(38,44),(39,44),(40,44),(1,45),(2,45),(4,45),(5,45),(6,45),(8,45),(9,45),(10,45),(21,45),(22,45),(24,45),(25,45),(26,45),(27,45),(28,45),(30,45),(31,45),(32,45),(38,45),(39,45),(2,46),(3,46),(4,46),(5,46),(6,46),(7,46),(8,46),(9,46),(10,46),(21,46),(22,46),(23,46),(24,46),(25,46),(27,46),(28,46),(29,46),(30,46),(31,46),(32,46),(33,46),(35,46),(37,46),(39,46),(1,47),(2,47),(5,47),(6,47),(7,47),(8,47),(9,47),(10,47),(21,47),(22,47),(23,47),(24,47),(25,47),(26,47),(27,47),(28,47),(29,47),(30,47),(32,47),(34,47),(35,47),(36,47),(37,47),(38,47),(39,47),(40,47),(1,48),(3,48),(4,48),(5,48),(6,48),(7,48),(8,48),(9,48),(10,48),(21,48),(22,48),(24,48),(26,48),(27,48),(28,48),(29,48),(30,48),(31,48),(34,48),(35,48),(36,48),(37,48),(38,48),(39,48),(40,48),(1,49),(2,49),(3,49),(4,49),(5,49),(6,49),(7,49),(8,49),(9,49),(10,49),(21,49),(22,49),(23,49),(24,49),(25,49),(26,49),(27,49),(28,49),(29,49),(31,49),(32,49),(34,49),(35,49),(36,49),(37,49),(39,49),(40,49),(1,50),(2,50),(4,50),(5,50),(6,50),(7,50),(8,50),(9,50),(10,50),(21,50),(22,50),(23,50),(24,50),(25,50),(26,50),(27,50),(28,50),(29,50),(30,50),(31,50),(32,50),(33,50),(34,50),(36,50),(37,50),(38,50),(2,51),(3,51),(4,51),(5,51),(6,51),(7,51),(8,51),(9,51),(10,51),(21,51),(22,51),(24,51),(25,51),(26,51),(27,51),(28,51),(31,51),(33,51),(36,51),(37,51),(39,51),(40,51),(1,52),(2,52),(3,52),(4,52),(5,52),(6,52),(7,52),(8,52),(9,52),(21,52),(22,52),(23,52),(24,52),(25,52),(27,52),(28,52),(29,52),(30,52),(31,52),(32,52),(33,52),(34,52),(36,52),(38,52),(40,52),(2,53),(3,53),(4,53),(6,53),(7,53),(8,53),(9,53),(10,53),(21,53),(22,53),(23,53),(24,53),(25,53),(26,53),(27,53),(28,53),(29,53),(30,53),(31,53),(32,53),(33,53),(35,53),(38,53),(1,54),(2,54),(3,54),(5,54),(6,54),(9,54),(10,54),(21,54),(22,54),(23,54),(25,54),(26,54),(27,54),(28,54),(29,54),(31,54),(32,54),(33,54),(35,54),(36,54),(40,54),(1,55),(2,55),(3,55),(4,55),(5,55),(7,55),(8,55),(9,55),(10,55),(21,55),(23,55),(24,55),(25,55),(26,55),(28,55),(29,55),(30,55),(32,55),(33,55),(34,55),(37,55),(40,55),(1,56),(2,56),(3,56),(4,56),(5,56),(6,56),(7,56),(8,56),(10,56),(21,56),(22,56),(23,56),(24,56),(25,56),(26,56),(27,56),(28,56),(29,56),(30,56),(32,56),(33,56),(38,56),(39,56),(1,57),(2,57),(3,57),(4,57),(5,57),(6,57),(7,57),(8,57),(10,57),(23,57),(24,57),(26,57),(27,57),(28,57),(29,57),(30,57),(31,57),(32,57),(35,57),(38,57),(39,57),(40,57),(1,58),(2,58),(3,58),(4,58),(5,58),(6,58),(7,58),(9,58),(10,58),(21,58),(22,58),(23,58),(24,58),(25,58),(26,58),(28,58),(29,58),(30,58),(31,58),(32,58),(33,58),(35,58),(36,58),(38,58),(39,58),(40,58),(1,59),(3,59),(4,59),(5,59),(6,59),(7,59),(8,59),(10,59),(21,59),(22,59),(23,59),(24,59),(25,59),(26,59),(27,59),(28,59),(30,59),(31,59),(32,59),(33,59),(34,59),(35,59),(36,59),(37,59),(39,59),(40,59),(1,60),(2,60),(3,60),(4,60),(6,60),(7,60),(8,60),(9,60),(10,60),(22,60),(23,60),(24,60),(25,60),(26,60),(27,60),(28,60),(29,60),(31,60),(32,60),(33,60),(35,60),(37,60),(39,60),(40,60),(1,61),(2,61),(3,61),(5,61),(6,61),(7,61),(10,61),(21,61),(23,61),(25,61),(26,61),(27,61),(28,61),(32,61),(33,61),(35,61),(36,61),(37,61),(38,61),(40,61),(1,62),(3,62),(5,62),(6,62),(8,62),(9,62),(10,62),(21,62),(22,62),(24,62),(25,62),(26,62),(27,62),(29,62),(30,62),(32,62),(33,62),(34,62),(35,62),(39,62),(40,62),(2,63),(4,63),(6,63),(7,63),(8,63),(10,63),(21,63),(22,63),(23,63),(26,63),(27,63),(30,63),(31,63),(32,63),(34,63),(35,63),(36,63),(37,63),(39,63),(1,64),(8,64),(10,64),(21,64),(24,64),(27,64),(28,64),(29,64),(31,64),(32,64),(36,64),(37,64),(38,64),(39,64),(40,64),(2,65),(3,65),(4,65),(8,65),(10,65),(21,65),(22,65),(23,65),(27,65),(28,65),(30,65),(32,65),(34,65),(35,65),(36,65),(38,65),(39,65),(40,65),(1,66),(2,66),(3,66),(4,66),(5,66),(6,66),(7,66),(9,66),(10,66),(21,66),(22,66),(23,66),(25,66),(27,66),(28,66),(29,66),(32,66),(33,66),(36,66),(39,66),(40,66),(1,67),(2,67),(3,67),(4,67),(5,67),(6,67),(7,67),(8,67),(10,67),(22,67),(23,67),(24,67),(25,67),(27,67),(28,67),(31,67),(32,67),(34,67),(35,67),(36,67),(38,67),(40,67),(4,68),(5,68),(6,68),(7,68),(8,68),(24,68),(25,68),(26,68),(27,68),(31,68),(32,68),(33,68),(34,68),(38,68),(39,68),(40,68),(1,69),(2,69),(4,69),(9,69),(10,69),(21,69),(22,69),(24,69),(27,69),(28,69),(29,69),(32,69),(35,69),(38,69),(39,69),(1,70),(4,70),(7,70),(9,70),(10,70),(21,70),(22,70),(24,70),(25,70),(26,70),(28,70),(32,70),(34,70),(36,70),(37,70),(40,70),(1,71),(2,71),(5,71),(6,71),(8,71),(9,71),(10,71),(21,71),(25,71),(28,71),(30,71),(31,71),(32,71),(33,71),(35,71),(37,71),(38,71),(40,71),(1,72),(5,72),(6,72),(7,72),(9,72),(21,72),(22,72),(23,72),(24,72),(26,72),(28,72),(29,72),(32,72),(34,72),(35,72),(36,72),(37,72),(38,72),(39,72),(40,72),(1,73),(4,73),(5,73),(6,73),(7,73),(10,73),(21,73),(23,73),(25,73),(26,73),(27,73),(28,73),(29,73),(30,73),(32,73),(34,73),(35,73),(37,73),(38,73),(39,73),(3,74),(4,74),(5,74),(7,74),(8,74),(9,74),(23,74),(30,74),(31,74),(33,74),(34,74),(35,74),(36,74),(37,74),(38,74),(39,74),(40,74),(1,75),(5,75),(6,75),(21,75),(23,75),(27,75),(28,75),(29,75),(30,75),(33,75),(34,75),(35,75),(36,75),(38,75),(39,75),(1,76),(2,76),(3,76),(5,76),(8,76),(9,76),(23,76),(24,76),(25,76),(30,76),(31,76),(32,76),(33,76),(36,76),(37,76),(39,76),(40,76),(3,77),(5,77),(6,77),(7,77),(8,77),(10,77),(21,77),(22,77),(23,77),(25,77),(26,77),(27,77),(30,77),(31,77),(32,77),(33,77),(35,77),(36,77),(37,77),(38,77),(39,77),(40,77),(2,78),(4,78),(5,78),(7,78),(9,78),(21,78),(23,78),(24,78),(25,78),(26,78),(27,78),(30,78),(31,78),(32,78),(34,78),(35,78),(36,78),(39,78),(40,78),(2,79),(6,79),(8,79),(9,79),(22,79),(24,79),(25,79),(26,79),(28,79),(29,79),(31,79),(33,79),(34,79),(37,79),(38,79),(40,79),(1,80),(3,80),(4,80),(6,80),(8,80),(21,80),(23,80),(24,80),(25,80),(26,80),(29,80),(30,80),(31,80),(32,80),(33,80),(34,80),(36,80);
/*!40000 ALTER TABLE `correspond` ENABLE KEYS */;
UNLOCK TABLES;

--
-- Table structure for table `pieces`
--

DROP TABLE IF EXISTS `pieces`;
/*!40101 SET @saved_cs_client     = @@character_set_client */;
/*!50503 SET character_set_client = utf8mb4 */;
CREATE TABLE `pieces` (
  `id_piece` int NOT NULL AUTO_INCREMENT,
  `categories` varchar(100) DEFAULT NULL,
  `dates` date DEFAULT NULL,
  `id_ref` int DEFAULT NULL,
  PRIMARY KEY (`id_piece`),
  KEY `id_ref` (`id_ref`),
  CONSTRAINT `pieces_ibfk_1` FOREIGN KEY (`id_ref`) REFERENCES `reference` (`id_ref`)
) ENGINE=InnoDB AUTO_INCREMENT=41 DEFAULT CHARSET=utf8mb4 COLLATE=utf8mb4_0900_ai_ci;
/*!40101 SET character_set_client = @saved_cs_client */;

--
-- Dumping data for table `pieces`
--

LOCK TABLES `pieces` WRITE;
/*!40000 ALTER TABLE `pieces` DISABLE KEYS */;
INSERT INTO `pieces` VALUES (1,'organes de freinage','1964-02-21',2),(2,'garnissage','1990-03-01',5),(3,'garnissage','1984-08-19',8),(4,'carrosserie','1971-03-05',4),(5,'electrique','1994-05-04',7),(6,'organes de freinage','1995-03-06',9),(7,'electronique','2015-08-28',8),(8,'optique','1969-03-14',4),(9,'garnissage','1989-08-16',2),(10,'electronique','2021-09-07',3),(21,'electrique','1998-07-20',23),(22,'optique','1997-01-10',29),(23,'electrique','1972-05-02',1),(24,'optique','1988-11-17',23),(25,'optique','1995-03-25',5),(26,'vitrage','2008-08-24',1),(27,'vitrage','2013-11-22',26),(28,'garnissage','1995-06-22',2),(29,'carrosserie','1986-03-15',4),(30,'electronique','2022-05-07',9),(31,'garnissage','1988-12-22',32),(32,'electronique','2019-01-18',26),(33,'garnissage','1963-01-25',33),(34,'vitrage','1991-04-10',1),(35,'vitrage','2009-04-14',34),(36,'organes de freinage','1978-06-26',30),(37,'electronique','1972-08-05',29),(38,'mécanique','1991-10-21',33),(39,'optique','1980-04-11',34),(40,'electrique','1977-03-24',5);
/*!40000 ALTER TABLE `pieces` ENABLE KEYS */;
UNLOCK TABLES;

--
-- Table structure for table `reference`
--

DROP TABLE IF EXISTS `reference`;
/*!40101 SET @saved_cs_client     = @@character_set_client */;
/*!50503 SET character_set_client = utf8mb4 */;
CREATE TABLE `reference` (
  `id_ref` int NOT NULL AUTO_INCREMENT,
  `prix` float DEFAULT '0',
  PRIMARY KEY (`id_ref`)
) ENGINE=InnoDB AUTO_INCREMENT=41 DEFAULT CHARSET=utf8mb4 COLLATE=utf8mb4_0900_ai_ci;
/*!40101 SET character_set_client = @saved_cs_client */;

--
-- Dumping data for table `reference`
--

LOCK TABLES `reference` WRITE;
/*!40000 ALTER TABLE `reference` DISABLE KEYS */;
INSERT INTO `reference` VALUES (1,71549),(2,90557),(3,190535),(4,158896),(5,13230),(6,196014),(7,28529),(8,128109),(9,27420),(10,52346),(21,180862),(22,40368),(23,39270),(24,7360),(25,60254),(26,99246),(27,61086),(28,5825),(29,133653),(30,172680),(31,98669),(32,146268),(33,104325),(34,185909),(35,145220),(36,71706),(37,59779),(38,28392),(39,38607),(40,164258);
/*!40000 ALTER TABLE `reference` ENABLE KEYS */;
UNLOCK TABLES;

--
-- Table structure for table `vehicules`
--

DROP TABLE IF EXISTS `vehicules`;
/*!40101 SET @saved_cs_client     = @@character_set_client */;
/*!50503 SET character_set_client = utf8mb4 */;
CREATE TABLE `vehicules` (
  `id_vehicule` int NOT NULL AUTO_INCREMENT,
  `marque` varchar(30) DEFAULT NULL,
  `annee` year DEFAULT NULL,
  `modele` varchar(30) DEFAULT NULL,
  PRIMARY KEY (`id_vehicule`)
) ENGINE=InnoDB AUTO_INCREMENT=81 DEFAULT CHARSET=utf8mb4 COLLATE=utf8mb4_0900_ai_ci;
/*!40101 SET character_set_client = @saved_cs_client */;

--
-- Dumping data for table `vehicules`
--

LOCK TABLES `vehicules` WRITE;
/*!40000 ALTER TABLE `vehicules` DISABLE KEYS */;
INSERT INTO `vehicules` VALUES (1,'Ford',2017,'hayons'),(2,'Gumpert',1980,'type-SUV'),(3,'Ford',1963,'carrosserie'),(4,'Gumpert',1980,'type-SUV'),(5,'Ford',1977,'fourgonnettes'),(6,'Ginetta',1968,'liftback'),(7,'Ginetta',1980,'limousines'),(8,'GAZ',2002,'pick-up'),(9,'Honda',1969,'coupés'),(10,'Ginetta',2005,'hayons'),(11,'Fuso',2013,'carrosserie'),(12,'GAZ',1985,'coupés'),(13,'Hommell',2004,'roadsters'),(14,'Mustang',1961,'type-targa'),(15,'Grecav',1984,'roadsters'),(16,'Grecav',1981,'fourgonnettes'),(17,'Grecav',2004,'limousines'),(18,'Hommell',2014,'type-SUV'),(19,'Grecav',2017,'minibus'),(20,'Ginetta',1987,'limousines'),(41,'Grecav',1977,'mini-fourgonnettes'),(42,'Ford',1978,'pick-up'),(43,'Hommell',2013,'mini-fourgonnettes'),(44,'Mustang',2014,'carrosserie'),(45,'Fuso',2009,'liftback'),(46,'Fuso',2005,'cabriolets'),(47,'Grecav',1977,'minibus'),(48,'Ford',1967,'berlines'),(49,'Gumpert',1994,'cabriolets'),(50,'GAZ',1974,'roadsters'),(51,'Ginetta',1989,'limousines'),(52,'Ginetta',1993,'crossovers'),(53,'Hispano',1972,'fourgonnettes'),(54,'Ford',1993,'mini-fourgonnettes'),(55,'Ginetta',1968,'type-targa'),(56,'GMC',1982,'type-targa'),(57,'Grecav',1964,'berlines'),(58,'Ford',1981,'cabriolets'),(59,'Fisker',1973,'roadsters'),(60,'Grecav',1989,'minibus'),(61,'Ford',1998,'minibus'),(62,'Ginetta',1964,'minibus'),(63,'Suiza',1989,'roadsters'),(64,'Suiza',1992,'limousines'),(65,'Hommell',1981,'hayons'),(66,'Fisker',2004,'type-break'),(67,'Hispano',2010,'type-break'),(68,'GAZ',1978,'minibus'),(69,'Hommell',1966,'liftback'),(70,'GMC',1974,'hayons'),(71,'GAZ',1977,'pick-up'),(72,'Fuso',1988,'crossovers'),(73,'Fisker',2012,'pick-up'),(74,'Gumpert',1969,'liftback'),(75,'Grecav',1974,'liftback'),(76,'Mustang',1974,'roadsters'),(77,'Honda',1994,'pick-up'),(78,'GMC',1979,'mini-fourgonnettes'),(79,'Gumpert',1999,'type-break'),(80,'Fisker',1966,'liftback');
/*!40000 ALTER TABLE `vehicules` ENABLE KEYS */;
UNLOCK TABLES;
/*!40103 SET TIME_ZONE=@OLD_TIME_ZONE */;

/*!40101 SET SQL_MODE=@OLD_SQL_MODE */;
/*!40014 SET FOREIGN_KEY_CHECKS=@OLD_FOREIGN_KEY_CHECKS */;
/*!40014 SET UNIQUE_CHECKS=@OLD_UNIQUE_CHECKS */;
/*!40101 SET CHARACTER_SET_CLIENT=@OLD_CHARACTER_SET_CLIENT */;
/*!40101 SET CHARACTER_SET_RESULTS=@OLD_CHARACTER_SET_RESULTS */;
/*!40101 SET COLLATION_CONNECTION=@OLD_COLLATION_CONNECTION */;
/*!40111 SET SQL_NOTES=@OLD_SQL_NOTES */;

-- Dump completed on 2022-03-10  8:32:00
